{"model": "openai/gpt-5", "prompt_hash": "7602706064725564a74c667f", "response": "I checked several places for internal consistency before focusing on the small ops (S0/S1/ch/maj) round by round.\n\n- Sanity checks on earlier rounds:\n  - round 0 additions: step2 = step1 + ch (L0073) matches 0x9167F444 + 0x1F85C98C = 0xB0EDBDD0, and step3 (L0074) = 0xB0EDBDD0 + 0x428A2F98 = 0xF377ED68, and temp1 (L0075) = 0xF377ED68 + 0x272B2A4E = 0x1AA317B6.\n  - round 28 ch recomputation (from inputs in L0461): e=0x576F91AF, f=0x1CD1525C, g=0x3C195768 gives ch = (e&f) xor (~e&g) = 0x3C51564C, matching L0463.\n\n- Identified the inconsistency in round 42 at the small-op level:\n  - Inputs at L0657 give e = 0000 0001 0100 1001 0011 0110 0111 1000 = 0x01493678.\n  - Compute the three rotates for S1:\n    - ROTR(e,6) = (e >>> 6) | (e << 26) = 0x000524D9 | 0xE0000000 = 0xE00524D9\n    - ROTR(e,11) = (e >>> 11) | (e << 21) = 0x00002926 | 0xCF000000 = 0xCF002926\n    - ROTR(e,25) = (e >>> 25) | (e << 7) = 0x00000000 | 0x249B3C00 = 0x249B3C00\n  - XORing them: 0xE00524D9 xor 0xCF002926 xor 0x249B3C00 = 0x0B9E31FF\n    - In binary: 0000 1011 1001 1110 0011 0001 1111 1111\n  - But the trace reports S1 at L0658 as 1000 1011 1001 1110 0011 0001 1111 1111 = 0x8B9E31FF, which differs by exactly one bit (the MSB).\n\nEverything after this point (step1 onward in round 42 and subsequent rounds) is consistent with the reported, tampered S1, as expected under the \u201csingle-bit tamper then recompute\u201d model.\n\nVERDICT: TAMPERED\nROUND: 42\nREASONING: Recomputed S1 from e at L0657: ROTR6=0xE00524D9, ROTR11=0xCF002926, ROTR25=0x249B3C00, XOR\u21920x0B9E31FF (binary 0000 1011 1001 1110 0011 0001 1111 1111). Trace (L0658) shows 0x8B9E31FF, differing by one bit (MSB). Earlier checks (e.g., round 0 sums L0073\u2013L0075 and round 28 ch L0463) matched, isolating the tamper to S1 in round 42.", "usage": {"prompt_tokens": 63389, "completion_tokens": 10285, "total_tokens": 73674, "cost": 0.18208625, "is_byok": false, "prompt_tokens_details": {"cached_tokens": 0, "cache_write_tokens": 0, "audio_tokens": 0, "video_tokens": 0}, "cost_details": {"upstream_inference_cost": 0.18208625, "upstream_inference_prompt_cost": 0.07923625, "upstream_inference_completions_cost": 0.10285}, "completion_tokens_details": {"reasoning_tokens": 9472, "image_tokens": 0, "audio_tokens": 0}}}