{"model": "openai/gpt-4o", "prompt_hash": "a1bf992cb17c2103ab45294e", "response": "VERDICT: TAMPERED  \nROUND: 9  \nREASONING: In round 9, step3 (L0200) and W[9] (L0194) give temp1 (L0201) which is 1010 1110 0101 1010 0001 0101 1100 1111. Calculating temp1 = 0101 1010 0011 0011 1100 1101 0101 0010 + 0101 0100 0010 0110 0100 1000 0111 1101 gives 1010 1110 0101 1010 0001 0101 1100 1110, not 1111 (binary mismatch).", "usage": {"prompt_tokens": 63391, "completion_tokens": 162, "total_tokens": 63553, "cost": 0.1600975, "is_byok": false, "prompt_tokens_details": {"cached_tokens": 0, "cache_write_tokens": 0, "audio_tokens": 0, "video_tokens": 0}, "cost_details": {"upstream_inference_cost": 0.1600975, "upstream_inference_prompt_cost": 0.1584775, "upstream_inference_completions_cost": 0.00162}, "completion_tokens_details": {"reasoning_tokens": 0, "image_tokens": 0, "audio_tokens": 0}}}