{"model": "openai/o3", "prompt_hash": "d9432672e617cae2f0158b5a", "response": "VERDICT: TAMPERED\nROUND: 20\nREASONING:  \n\n\u2022 Round-20 inputs (L0349):  \n  \u2013 h = 1111 1100 0111 0001 1100 1000 0001 0100 (0xFC71C814)  \n  \u2013 S1 (L0350) = 0100 1110 0111 1010 1101 1110 1111 0110 (0x4E7ADEF6)  \n\n\u2022 Correct step1 must be h + S1 (mod 2\u00b3\u00b2) =  \n  0xFC71C814 + 0x4E7ADEF6 = 0x4AEC C70A  \n  = 0100 1010 1110 1100 1100 0111 0000 1010  \n\n\u2022 The trace, however, gives step1 (L0352) as  \n  0010 0001 1100 0011 1001 0110 0001 1100 (0x21C3961C)  \n\n\u2022 0x21C3961C \u2260 0x4AECC70A, so the first infected value appears at step1 of round 20; everything earlier (rounds 0-19) was consistent. Hence one bit (or more) was flipped before step1, and the remainder of the trace is a self-consistent recomputation from that wrong value.", "usage": {"prompt_tokens": 63394, "completion_tokens": 6743, "total_tokens": 70137, "cost": 0.180732, "is_byok": false, "prompt_tokens_details": {"cached_tokens": 0, "cache_write_tokens": 0, "audio_tokens": 0, "video_tokens": 0}, "cost_details": {"upstream_inference_cost": 0.180732, "upstream_inference_prompt_cost": 0.126788, "upstream_inference_completions_cost": 0.053944}, "completion_tokens_details": {"reasoning_tokens": 6400, "image_tokens": 0, "audio_tokens": 0}}}