{"model": "openai/gpt-4o", "prompt_hash": "3f70ede70da83e5b9ce8be0e", "response": "VERDICT: TAMPERED\nROUND: 44\nREASONING: In round 44, the computed value `temp2` was expected to be the sum of S0 (1111 1011 1000 1111 1101 1010 1111 1101, from L0678) and maj (1111 1010 0010 1100 1110 0110 1010 0110, from L0679). Their sum is: `1111 1011 1000 1111 1101 1010 1111 1101 + 1111 1010 0010 1100 1110 0110 1010 0110 = 1111 0101 1001 1110 1100 0001 1010 0011`, which is not equal to `temp2` recorded in L0680.", "usage": {"prompt_tokens": 63398, "completion_tokens": 195, "total_tokens": 63593, "cost": 0.160445, "is_byok": false, "prompt_tokens_details": {"cached_tokens": 0, "cache_write_tokens": 0, "audio_tokens": 0, "video_tokens": 0}, "cost_details": {"upstream_inference_cost": 0.160445, "upstream_inference_prompt_cost": 0.158495, "upstream_inference_completions_cost": 0.00195}, "completion_tokens_details": {"reasoning_tokens": 0, "image_tokens": 0, "audio_tokens": 0}}}