{"model": "openai/gpt-5", "prompt_hash": "8ed53efdc2d902443a8edc5f", "response": "I focused on round 0 and verified the additions step by step (smaller ops first, then the sums they feed into), using the given inputs and constants.\n\n- From L0069 (h) and L0070 (S1):\n  - h = 0101 1011 1110 0000 1100 1101 0001 1001 = 0x5BE0CD19\n  - S1 = 0011 0101 1000 0111 0010 0111 0010 1011 = 0x3587272B\n  - step1 = h + S1 = 0x5BE0CD19 + 0x3587272B = 0x9167F444, which matches L0072 (1001 0001 0110 0111 1111 0100 0100 0100).\n\n- From L0072 (step1) and L0071 (ch):\n  - step1 = 0x9167F444\n  - ch = 0001 1111 1000 0101 1100 1001 1000 1100 = 0x1F85C98C\n  - step2 = step1 + ch = 0x9167F444 + 0x1F85C98C = 0xB0EDBDD0, which matches L0073 (1011 0000 1110 1101 1011 1101 1101 0000).\n\n- From L0073 (step2) and L0068 (K[0]):\n  - step2 = 0xB0EDBDD0\n  - K[0] = 0100 0010 1000 1010 0010 1111 1001 1000 = 0x428A2F98\n  - step3 = step2 + K[0] = 0xB0EDBDD0 + 0x428A2F98 = 0xF378ED68, which matches L0074 (1111 0011 0111 0111 1110 1101 0110 1000).\n\n- Now from L0074 (step3) and L0003 (W[0]):\n  - step3 = 0xF378ED68\n  - W[0] = 0101 1011 0110 1110 0100 1111 0100 0010 = 0x5B6E4F42\n  - step3 + W[0] = 0xF378ED68 + 0x5B6E4F42 = 0x4EE73CAA (mod 2^32)\n\nBut L0075 shows temp1 = 0100 1110 1110 0110 0011 1100 1010 1010 = 0x4EE63CAA, which differs from the correct 0x4EE73CAA by exactly 0x01000000 (a single bit in that byte: 0xE7 \u2192 0xE6). The prior sums (L0072\u2013L0074) match perfectly; the discrepancy appears first at L0075. This is consistent with a single-bit flip at temp1 in round 0, after which all subsequent values would be self-consistent but derived from the tampered temp1.\n\nVERDICT: TAMPERED\nROUND: 0\nREASONING: In round 0, step1 (L0072), step2 (L0073), and step3 (L0074) correctly match the additions from their operands (L0069.h + L0070.S1, then +L0071.ch, then +L0068.K[0]). However, temp1 (L0075) should be step3 + W[0] (L0003), i.e., 0xF378ED68 + 0x5B6E4F42 = 0x4EE73CAA, but the trace shows 0x4EE63CAA (L0075), a one-bit difference.", "usage": {"prompt_tokens": 63403, "completion_tokens": 4866, "total_tokens": 68269, "cost": 0.12791375, "is_byok": false, "prompt_tokens_details": {"cached_tokens": 0, "cache_write_tokens": 0, "audio_tokens": 0, "video_tokens": 0}, "cost_details": {"upstream_inference_cost": 0.12791375, "upstream_inference_prompt_cost": 0.07925375, "upstream_inference_completions_cost": 0.04866}, "completion_tokens_details": {"reasoning_tokens": 3968, "image_tokens": 0, "audio_tokens": 0}}}