{"model": "anthropic/claude-opus-4.6", "prompt_hash": "e390f69e322adf557e1bc5c5", "response": "Looking at this trace, I need to systematically verify intermediate values across multiple rounds.\n\n## Checking Initial Values (L0069)\nStandard SHA-256 IV: a=6a09e667, b=bb67ae85, c=3c6ef372, d=a54ff53a, e=510e527f, f=9b05688c, g=1f83d9ab, h=5be0cd19 \u2014 all match \u2713\n\n## Round 0 Checks\n**S1 (L0070):** e=0x510E527F. I compute ROTR(e,6)=0xFD443949, ROTR(e,11)=0x4FEA21CA, ROTR(e,25)=0x87293FA8. XOR = 0x3587272B \u2713\n**ch (L0071):** (e AND f) XOR (NOT e AND g) = 0x1F85C98C \u2713\n\n## Round 2 Checks\n**ch (L0099):** e=0xC25C9CC4, f=0xFFE93F15, g=0x510E527F. Computed = 0xD34A5E3F \u2713\n\n## Round 4 Checks\n**maj (L0133):** a=0x52E179ED, b=0xA35735D0, c=0x8A71F20A. Computed = 0x827171C8 \u2713\n\n## Round 30 Checks\n**S1 (L0490):** e=0xE02B8380. ROTR(e,6)=0x0380AE0E, ROTR(e,11)=0x701C0570, ROTR(e,25)=0x15C1C070. XOR = 0x665D6B0E \u2713\n**ch (L0491):** 0x813C409C \u2713\n**step1 (L0492):** h+S1 = 0x0528764C+0x665D6B0E = 0x6B85E15A \u2713\n**step2 (L0493):** +ch = 0xECC221F6 \u2713\n**step3 (L0494):** +K[30] = 0xF38C8547 \u2713\n**temp1 (L0495):** +W[30] = 0x798C0272 \u2713\n\n## Round 55 Checks\n**S1 (L0840):** e=0x3B3F5A8C. ROTR(6)=0x30ECFD6A, ROTR(11)=0x518767EB, ROTR(25)=0x9FAD461D. XOR = 0xFEC6DC9C \u2713\n\n## Round 63 Final Checks\n**new a (L0961):** temp1+temp2 = 0x95FA3521+0xDF899F0E = 0x7583D42F \u2713\n**new e (L0962):** d+temp1 = 0x6E36C783+0x95FA3521 = 0x0430FCA4 \u2713\n\n## Final Digest Verification\nAdding final working variables to IV:\nH0+a=0x6A09E667+0x7583D42F=0xDF8DBA96, H1+b=0x0C916889, H2+c=0x7989D3F5, H3+d=0x919C1E00, H4+e=0x553F4F23, H5+f=0x1D63EADA, H6+g=0x0651570D, H7+h=0xE8B95DBD\nMatches L0964 exactly \u2713\n\nVERDICT: GENUINE\nROUND: NONE\nREASONING: Checked S1, ch, maj, and addition chains across rounds 0, 2, 4, 30, 55, and 63 (citing L0070, L0071, L0099, L0133, L0490\u2013L0495, L0840, L0957\u2013L0962). All intermediate values matched independent calculations. Final digest at L0964 verified by adding round-63 outputs to the standard IV, confirming full consistency.", "usage": {"prompt_tokens": 67349, "completion_tokens": 21350, "total_tokens": 88699, "cost": 0.870495, "is_byok": false, "prompt_tokens_details": {"cached_tokens": 0, "cache_write_tokens": 0, "audio_tokens": 0, "video_tokens": 0}, "cost_details": {"upstream_inference_cost": 0.870495, "upstream_inference_prompt_cost": 0.336745, "upstream_inference_completions_cost": 0.53375}, "completion_tokens_details": {"reasoning_tokens": 2571, "image_tokens": 0, "audio_tokens": 0}}}